Series Name,Series Code,Country Name,Country Code,1990 [YR1990],2000 [YR2000],2006 [YR2006],2007 [YR2007],2008 [YR2008],2009 [YR2009],2010 [YR2010],2011 [YR2011],2012 [YR2012],2013 [YR2013],2014 [YR2014],2015 [YR2015]
Military expenditure (% of GDP),MS.MIL.XPND.GD.ZS,Afghanistan,AFG,..,..,1.86129988322751,2.23706948993234,2.32800282221116,2.06075126349116,1.89747279675157,1.77859261784739,1.1447151131951,1.06917092963673,1.28289937488342,..
Military expenditure (% of GDP),MS.MIL.XPND.GD.ZS,Albania,ALB,5.88830082474813,1.22789866018586,1.54375038367739,1.8207653435572,1.98486873031325,2.06593725523106,1.59311738441247,1.52730535496808,1.49085570218527,1.38415775962294,1.00912791965806,..
Military expenditure (% of GDP),MS.MIL.XPND.GD.ZS,Algeria,DZA,1.4573587554321,3.43339409660042,2.64380883029593,2.92332224841307,3.02474623662252,3.84851553296118,3.51802317460861,4.3463109893158,4.56430504999589,4.95063501979179,5.54192141573425,..
Military expenditure (% of GDP),MS.MIL.XPND.GD.ZS,American Samoa,ASM,..,..,..,..,..,..,..,..,..,..,..,..
Military expenditure (% of GDP),MS.MIL.XPND.GD.ZS,Andorra,ADO,..,..,..,..,..,..,..,..,..,..,..,..
Military expenditure (% of GDP),MS.MIL.XPND.GD.ZS,Angola,AGO,17.3333333333333,6.39260315427404,4.71484510684848,3.36223171967052,3.75821463787197,4.3861286511624,4.24488443702506,3.49561936904927,3.59335767350066,4.90544254113145,5.21018812417744,..
Military expenditure (% of GDP),MS.MIL.XPND.GD.ZS,Antigua and Barbuda,ATG,..,..,..,..,..,..,..,..,..,..,..,..
Military expenditure (% of GDP),MS.MIL.XPND.GD.ZS,Argentina,ARG,1.36777808066188,1.14882368723143,0.697879247367395,0.691981964580775,0.682994134877242,0.783761711581475,0.747778636335571,0.720326045917766,0.748596481666467,0.823482588736399,0.799825148465968,..
Military expenditure (% of GDP),MS.MIL.XPND.GD.ZS,Armenia,ARM,..,3.56002487253697,2.9476130433149,3.04257463777315,3.39557944678193,4.15705009881747,4.26564622933795,3.85394659997222,3.8218100132926,4.26174813673148,4.28867359350402,..
Military expenditure (% of GDP),MS.MIL.XPND.GD.ZS,Aruba,ABW,..,..,..,..,..,..,..,..,..,..,..,..
Military expenditure (% of GDP),MS.MIL.XPND.GD.ZS,Australia,AUS,2.12548227671733,1.89865372042907,1.89485033588251,1.88946374886387,1.88506324559453,1.93235850991277,1.95342074372148,1.8314966278727,1.70158088423067,1.69072628578041,1.78121153832795,..
Military expenditure (% of GDP),MS.MIL.XPND.GD.ZS,Austria,AUT,1.18789686140159,0.980318120265802,0.789783772018703,0.905658960661513,0.876167744092427,0.83878312328522,0.825946550041654,0.794622175427229,0.781997969188536,0.753887386831646,0.746338544466526,..
Military expenditure (% of GDP),MS.MIL.XPND.GD.ZS,Azerbaijan,AZE,..,2.26786206311863,3.4177538630434,2.86419491898944,3.29121114577001,3.32542168167072,2.79100435652891,4.67013555547022,4.72321511251042,4.67975088462298,4.76348727826402,..
Military expenditure (% of GDP),MS.MIL.XPND.GD.ZS,"Bahamas, The",BHS,..,..,..,..,..,..,..,..,..,..,..,..
Military expenditure (% of GDP),MS.MIL.XPND.GD.ZS,Bahrain,BHR,5.6862560243167,3.95463816945056,3.10362321964961,2.95718244215762,2.80005047950356,3.61019482258657,3.2773662908983,3.55802856444306,3.84350979685121,4.09636606168398,4.23235967126145,..
Military expenditure (% of GDP),MS.MIL.XPND.GD.ZS,Bangladesh,BGD,1.07182143942949,1.24307550667887,1.02459490940097,1.03210314592751,0.971158400858176,1.06506883412441,1.23354515586516,1.27747675111331,1.24141867512971,1.18452127152146,1.1547460552381,..
Military expenditure (% of GDP),MS.MIL.XPND.GD.ZS,Barbados,BRB,..,..,..,..,..,..,..,..,..,..,..,..
Military expenditure (% of GDP),MS.MIL.XPND.GD.ZS,Belarus,BLR,..,1.34698589853073,1.70941249195756,1.64976591437478,1.45349285157346,1.37257698145111,1.39023243984992,1.2660617412909,1.19810206455858,1.32057598187798,1.28575108018377,..
Military expenditure (% of GDP),MS.MIL.XPND.GD.ZS,Belgium,BEL,2.25330434660382,1.3444226626036,1.0489724102539,1.0934045075043,1.21047917851892,1.15698178168331,1.08271564770183,1.04128555071529,1.03639890666742,0.996604611858051,0.972919729271915,..
Military expenditure (% of GDP),MS.MIL.XPND.GD.ZS,Belize,BLZ,1.15458176976153,0.855545536519387,1.00891857572042,1.06614074832325,1.36761333079405,1.29155214200005,1.09779918015964,1.03674794499765,0.96250173060969,1.02647657590366,..,..
Military expenditure (% of GDP),MS.MIL.XPND.GD.ZS,Benin,BEN,1.67438255284865,0.614477238047258,0.994373039696835,..,0.975727991920552,..,..,..,1.03700337574656,1.03528179137935,1.06311640911946,..
Military expenditure (% of GDP),MS.MIL.XPND.GD.ZS,Bermuda,BMU,..,..,..,..,..,..,..,..,..,..,..,..
Military expenditure (% of GDP),MS.MIL.XPND.GD.ZS,Bhutan,BTN,..,..,..,..,..,..,..,..,..,..,..,..
Military expenditure (% of GDP),MS.MIL.XPND.GD.ZS,Bolivia,BOL,2.8239083046345,2.06765103057489,1.57050095863339,1.68946104241465,1.96480739468859,1.99676743184088,1.66846094153534,1.46769691369517,1.46542569334358,1.45445345086875,1.42613961169571,..
Military expenditure (% of GDP),MS.MIL.XPND.GD.ZS,Bosnia and Herzegovina,BIH,..,..,1.42127210446089,1.26318825441492,1.24676014152352,1.40440855427331,1.30536600134099,1.15667215526552,1.16731266516367,1.10697925895059,1.09084985893832,..
Military expenditure (% of GDP),MS.MIL.XPND.GD.ZS,Botswana,BWA,4.1220302452374,3.19123358922349,2.70521092400512,2.80145034967543,3.03697194455422,3.21559987092843,2.72685341060579,2.35796210006185,2.25412072433536,1.99249342459286,1.92084958405663,..
Military expenditure (% of GDP),MS.MIL.XPND.GD.ZS,Brazil,BRA,6.32966494325592,1.72599775278469,1.48086855268607,1.46749613966875,1.44297882884477,1.5408749662728,1.53901567727984,1.4123730074644,1.4083951204039,1.37778088863183,1.34420686162714,..
Military expenditure (% of GDP),MS.MIL.XPND.GD.ZS,Brunei Darussalam,BRN,6.56636890769472,4.06921009179954,2.5581867462608,2.63835089525151,2.51496477578574,3.25885736613863,3.15847168506465,2.48853611189289,2.42576150218786,2.55783149863328,3.05842670935285,..
Military expenditure (% of GDP),MS.MIL.XPND.GD.ZS,Bulgaria,BGR,3.83339281701498,2.63101001511949,2.23175658110901,2.36536366079139,1.94699453269066,1.92029576466227,1.83578946665727,1.48660867116399,1.53552337953966,1.65118903235801,1.50248174201713,..
Military expenditure (% of GDP),MS.MIL.XPND.GD.ZS,Burkina Faso,BFA,2.7235529269857,1.39243072523767,1.24271952672016,1.59226660027215,1.46983684754962,1.52145511081128,1.38257489312706,1.29920611755657,1.30339437569214,1.34682860190536,1.32145281867671,..
Military expenditure (% of GDP),MS.MIL.XPND.GD.ZS,Burundi,BDI,3.49812768854641,4.86185018351773,3.51225471482019,3.41490000681617,2.7212308336386,..,..,..,2.38501863466906,2.2420092529754,2.00984217640382,..
Military expenditure (% of GDP),MS.MIL.XPND.GD.ZS,Cabo Verde,CPV,..,1.26126169762313,0.630491125888746,0.524703169514095,0.479590098292555,0.490877611423632,0.497948605100722,0.479638192585382,0.478412951119727,0.517295732027257,0.579726340631003,..
Military expenditure (% of GDP),MS.MIL.XPND.GD.ZS,Cambodia,KHM,..,2.19106670825415,1.30157830427375,1.09250903041326,1.19405835904821,2.26854886650872,1.58519006587487,1.58661173890003,1.54617098651579,1.59883275004684,1.66576914586051,..
Military expenditure (% of GDP),MS.MIL.XPND.GD.ZS,Cameroon,CMR,1.46638630311001,1.32474886472856,1.43110812264012,1.45214480313766,1.48607376662333,1.46812738473885,1.49880253918208,1.30693095958113,1.33894925689075,1.32862294309853,1.23362969033865,..
Military expenditure (% of GDP),MS.MIL.XPND.GD.ZS,Canada,CAN,1.92804912828278,1.12237129905679,1.12983701858475,1.1946963407625,1.25389283184303,1.38135949616051,1.19670222407724,1.14513218539514,1.11175397055965,1.00402163105231,0.976696514774611,..
Military expenditure (% of GDP),MS.MIL.XPND.GD.ZS,Cayman Islands,CYM,..,..,..,..,..,..,..,..,..,..,..,..
Military expenditure (% of GDP),MS.MIL.XPND.GD.ZS,Central African Republic,CAF,..,..,..,1.12550729567351,1.58718333424916,1.81621084895056,2.59742642993907,..,..,..,..,..
Military expenditure (% of GDP),MS.MIL.XPND.GD.ZS,Chad,TCD,1.97523635158495,1.54138113696155,3.00442361446081,4.50456152627172,5.90639869570032,7.98513561226523,5.77813869358188,5.01552985334417,..,..,..,..
Military expenditure (% of GDP),MS.MIL.XPND.GD.ZS,Channel Islands,CHI,..,..,..,..,..,..,..,..,..,..,..,..
Military expenditure (% of GDP),MS.MIL.XPND.GD.ZS,Chile,CHL,3.26844355678575,2.65205454641956,2.41166070382135,2.28688278866468,2.53068975435177,2.18676664875179,2.16371842670056,2.16881934080671,2.06467529405585,1.9448440279006,1.9947695041809,..
Military expenditure (% of GDP),MS.MIL.XPND.GD.ZS,China,CHN,2.60995083704852,1.84111855220127,2.07574678645169,2.03641970693166,2.01072330156397,2.20930400556434,2.04204909232752,1.96540758711362,2.00440703363938,2.01490179881522,2.08904616701581,..
Military expenditure (% of GDP),MS.MIL.XPND.GD.ZS,Colombia,COL,2.20979485886035,3.03168353865852,3.27613063886762,3.26673966297973,3.70974427551673,3.86329454054022,3.63114856383642,3.07278341135743,3.16677706852945,3.42087441588045,3.45591891577355,..
Military expenditure (% of GDP),MS.MIL.XPND.GD.ZS,Comoros,COM,..,..,..,..,..,..,..,..,..,..,..,..
Military expenditure (% of GDP),MS.MIL.XPND.GD.ZS,"Congo, Dem. Rep.",ZAR,..,0.220260772565817,1.43463133002162,1.25407559763663,0.833062936229872,0.670095572208528,0.894993206168315,1.00124690985717,1.46159587594239,1.42773266276062,1.38395051781947,..
Military expenditure (% of GDP),MS.MIL.XPND.GD.ZS,"Congo, Rep.",COG,..,..,1.63711472814525,2.00221440817399,1.75161446869554,..,1.81872994981216,..,..,2.60585813449002,4.98670490614293,..
Military expenditure (% of GDP),MS.MIL.XPND.GD.ZS,Costa Rica,CRI,..,..,..,..,..,..,..,..,..,..,..,..
Military expenditure (% of GDP),MS.MIL.XPND.GD.ZS,Cote d'Ivoire,CIV,1.33360324963219,..,1.50194869781695,1.59076456080284,1.5228557140276,1.73023939460025,1.55796604110291,1.40783060477718,1.50670701937133,..,..,..
Military expenditure (% of GDP),MS.MIL.XPND.GD.ZS,Croatia,HRV,..,3.03005577704415,1.68416333545037,1.62920790543266,1.83948113953723,1.80263229455594,1.7026225380364,1.77782054018948,1.69126903430411,1.65365683735442,1.52951963780391,..
Military expenditure (% of GDP),MS.MIL.XPND.GD.ZS,Cuba,CUB,6.40627829058045,..,3.23821008264745,3.22915866799765,3.32465550444609,3.38103629914334,3.32684576904064,3.25321850339773,3.93797841235291,3.51316985030402,..,..
Military expenditure (% of GDP),MS.MIL.XPND.GD.ZS,Curacao,CUW,..,..,..,..,..,..,..,..,..,..,..,..
Military expenditure (% of GDP),MS.MIL.XPND.GD.ZS,Cyprus,CYP,7.3740356129737,2.838066925225,1.91959183415737,1.70246360911897,1.65060989449523,1.84170559416039,1.89162846864125,1.77094783427089,1.66451068486037,1.76334818703522,1.82220427309758,..
Military expenditure (% of GDP),MS.MIL.XPND.GD.ZS,Czech Republic,CZE,..,1.88270817615895,1.57845253000244,1.43401348028182,1.24091677280115,1.32142233708932,1.206623928111,1.08853147739788,1.03781057026565,0.997618873982566,0.984273609334525,..
Military expenditure (% of GDP),MS.MIL.XPND.GD.ZS,Denmark,DNK,1.91887822091356,1.45744405054744,1.3771213510563,1.3069321276126,1.35796171115415,1.35642341037933,1.40816801944126,1.3231671797378,1.37225670526613,1.25763825459488,1.30377783984093,..
Military expenditure (% of GDP),MS.MIL.XPND.GD.ZS,Djibouti,DJI,6.87911907469007,4.72126354944047,6.44004537304695,4.07099201688201,3.63073180072313,..,..,..,..,..,..,..
Military expenditure (% of GDP),MS.MIL.XPND.GD.ZS,Dominica,DMA,..,..,..,..,..,..,..,..,..,..,..,..
Military expenditure (% of GDP),MS.MIL.XPND.GD.ZS,Dominican Republic,DOM,0.675729466250946,1.04336342418103,0.72454918755803,0.628983301374844,0.701838774576932,0.669997775484689,0.668999034390894,0.600695404514719,0.598863429186057,0.605725285688601,0.622741189512689,..
Military expenditure (% of GDP),MS.MIL.XPND.GD.ZS,Ecuador,ECU,1.32615781291104,1.45207595274333,2.02982587683564,2.56823582019659,2.66504173599459,3.11741808812028,3.01055129218138,3.09511005659875,2.71502783656756,2.79234165898543,2.73464614051916,..
Military expenditure (% of GDP),MS.MIL.XPND.GD.ZS,"Egypt, Arab Rep.",EGY,4.6641432368873,3.18920905615995,2.7403755926218,2.50212808807734,2.29304299274149,2.13727691421992,2.05349743079728,1.93158777623806,1.7519517613456,1.70840700393544,1.75768422106528,..
Military expenditure (% of GDP),MS.MIL.XPND.GD.ZS,El Salvador,SLV,4.20754441875482,1.28672691695662,0.997266949495167,0.994782366487772,0.975222808081751,1.04060790862011,1.05423866506679,1.10635723237824,1.14808344811368,1.09690796443397,1.04084060269627,..
Military expenditure (% of GDP),MS.MIL.XPND.GD.ZS,Equatorial Guinea,GNQ,..,..,..,1.9258804109391,1.8965651073776,3.98268606819129,..,..,..,..,1.16395827381839,..
Military expenditure (% of GDP),MS.MIL.XPND.GD.ZS,Eritrea,ERI,..,32.6556711938038,..,..,..,..,..,..,..,..,..,..
Military expenditure (% of GDP),MS.MIL.XPND.GD.ZS,Estonia,EST,..,1.3763876509197,1.85752330226365,1.99863309751187,2.09375567803283,2.21032380359593,1.70438708010687,1.706921566954,1.92779828425953,1.92648408649433,1.9666791291299,..
Military expenditure (% of GDP),MS.MIL.XPND.GD.ZS,Ethiopia,ETH,6.44794708146335,7.55585536238765,2.26683978155997,1.86314851727515,1.48936953998532,1.18355395962694,1.13378246662476,1.09070744610966,0.868362090380475,0.809149589933593,0.739932534975534,..
Military expenditure (% of GDP),MS.MIL.XPND.GD.ZS,Faeroe Islands,FRO,..,..,..,..,..,..,..,..,..,..,..,..
Military expenditure (% of GDP),MS.MIL.XPND.GD.ZS,Fiji,FJI,2.28434343434343,1.90247924847048,1.74254104931503,2.21952588227978,1.52095279892181,1.78657926642521,1.60512894970238,1.66698115005244,1.53828292796192,1.50733342363247,1.23455166973442,..
Military expenditure (% of GDP),MS.MIL.XPND.GD.ZS,Finland,FIN,1.51302054719262,1.24114750368778,1.32144553744192,1.18070145350084,1.27406290814667,1.43126239442299,1.37199358631748,1.36994651265562,1.40345257341348,1.41191613653803,1.34794010244345,..
Military expenditure (% of GDP),MS.MIL.XPND.GD.ZS,France,FRA,3.33970321935866,2.47101096543937,2.3448860849516,2.2754629510657,2.25783500764085,2.48301072141193,2.33417280424482,2.25665813943099,2.23893577596555,2.22105156231913,2.20155323761553,..
Military expenditure (% of GDP),MS.MIL.XPND.GD.ZS,French Polynesia,PYF,..,..,..,..,..,..,..,..,..,..,..,..
Military expenditure (% of GDP),MS.MIL.XPND.GD.ZS,Gabon,GAB,..,1.80145224765811,1.0923922788207,0.98967068959415,..,..,0.864755454828592,..,1.4188127472954,1.47647058823529,..,..
Military expenditure (% of GDP),MS.MIL.XPND.GD.ZS,"Gambia, The",GMB,1.09274310902386,0.424507189603589,0.425347640787825,0.569181614670911,1.77718804228381,0.787806622057018,..,..,1.22454272118806,1.16453814711964,1.8090103142981,..
Military expenditure (% of GDP),MS.MIL.XPND.GD.ZS,Georgia,GEO,..,0.615582487730672,5.21830393055473,9.15911651150832,8.52011839693249,5.60658289780941,3.90245281428362,3.2492623866298,3.1413272225984,2.52911327850697,2.34693881746353,..
Military expenditure (% of GDP),MS.MIL.XPND.GD.ZS,Germany,DEU,2.39773943101698,1.44565885971138,1.27039578277968,1.23859113744019,1.28317995949993,1.39095357110874,1.35566838235865,1.2830202660146,1.31524782719372,1.27785212921964,1.20576901222196,..
Military expenditure (% of GDP),MS.MIL.XPND.GD.ZS,Ghana,GHA,0.469077583141529,1.0211582727189,0.371048843050942,0.509249881411555,0.398444619594323,0.455352363073505,0.380677683292731,0.592259762335199,0.804165255771521,0.524836694180295,0.478650566468964,..
Military expenditure (% of GDP),MS.MIL.XPND.GD.ZS,Greece,GRC,3.25012908363745,3.45350623254186,2.78381585682446,2.67773506202565,2.98174980926996,3.22624257152604,2.72486225164626,2.46832880950788,2.37050066502337,2.48593634121783,2.23809837581514,..
Military expenditure (% of GDP),MS.MIL.XPND.GD.ZS,Greenland,GRL,..,..,..,..,..,..,..,..,..,..,..,..
Military expenditure (% of GDP),MS.MIL.XPND.GD.ZS,Grenada,GRD,..,..,..,..,..,..,..,..,..,..,..,..
Military expenditure (% of GDP),MS.MIL.XPND.GD.ZS,Guam,GUM,..,..,..,..,..,..,..,..,..,..,..,..
Military expenditure (% of GDP),MS.MIL.XPND.GD.ZS,Guatemala,GTM,1.47113968233937,0.818335288983714,0.431829652447832,0.398456601466993,0.425420452087389,0.390658739410391,0.41075615518789,0.414299267948206,0.445274227368241,0.463793540676666,0.449462017308238,..
Military expenditure (% of GDP),MS.MIL.XPND.GD.ZS,Guinea,GIN,..,1.53463750795725,..,..,..,..,..,..,2.98052820920924,3.08957442854488,3.84615384615385,..
Military expenditure (% of GDP),MS.MIL.XPND.GD.ZS,Guinea-Bissau,GNB,..,2.57483257764034,..,..,..,1.66440130279794,2.02123680442557,1.58743874525708,1.72923437713856,..,..,..
Military expenditure (% of GDP),MS.MIL.XPND.GD.ZS,Guyana,GUY,0.905828314299201,1.76599077184906,1.31488813689359,1.4348958259383,1.58746376163778,1.53318454470195,1.37543688813925,1.25812293597529,1.17645544462694,1.17929428622604,1.18925123219229,..
Military expenditure (% of GDP),MS.MIL.XPND.GD.ZS,Haiti,HTI,..,..,..,..,..,..,..,..,..,..,..,..
Military expenditure (% of GDP),MS.MIL.XPND.GD.ZS,Honduras,HND,..,0.729930429238472,0.692430000775615,0.776008597104899,0.953977829180274,1.07491147617113,1.07445720815541,1.13130842795229,1.00603766504505,1.24321585299395,1.26988591143415,..
Military expenditure (% of GDP),MS.MIL.XPND.GD.ZS,"Hong Kong SAR, China",HKG,..,..,..,..,..,..,..,..,..,..,..,..
Military expenditure (% of GDP),MS.MIL.XPND.GD.ZS,Hungary,HUN,..,1.70037743036525,1.23432333274821,1.28190512475198,1.19292820641533,1.14086454856002,1.04243552389721,1.05570416128991,1.04260071876927,0.907108683202139,0.849595156591901,..
Military expenditure (% of GDP),MS.MIL.XPND.GD.ZS,Iceland,ISL,..,..,..,..,..,0.175400311318208,0.14996462167399,0.132753936673847,0.122567399430977,..,..,..
Military expenditure (% of GDP),MS.MIL.XPND.GD.ZS,India,IND,3.14621469537825,2.94892988346583,2.52680870710134,2.34263396745748,2.55019354164183,2.89349717243706,2.70746606049265,2.62277164168148,2.52603491579872,2.44837933983549,2.41058736526535,..
Military expenditure (% of GDP),MS.MIL.XPND.GD.ZS,Indonesia,IDN,1.41049090248068,0.684483812752025,0.716425480370127,0.774786825419629,0.633480984934018,0.612410891294183,0.61758709195193,0.653776702606806,0.846547139586787,0.918660584468662,0.790120665084307,..
Military expenditure (% of GDP),MS.MIL.XPND.GD.ZS,"Iran, Islamic Rep.",IRN,3.17769450672421,2.53585861192314,3.60862067143775,3.03453955217892,3.11300500946388,3.47007298321294,3.20925755488926,2.47632462079983,2.27957137831086,..,..,..
Military expenditure (% of GDP),MS.MIL.XPND.GD.ZS,Iraq,IRQ,..,..,1.89757169697285,2.18609505836687,2.18307710520838,2.65838557947636,2.58538933978137,3.17875661607412,2.77733762084936,3.39626678643914,4.31722458748353,..
Military expenditure (% of GDP),MS.MIL.XPND.GD.ZS,Ireland,IRL,1.22441100012958,0.69944795559897,0.516382309021807,0.509584571165727,0.578262344664906,0.606195795710054,0.583344045052277,0.546882262457883,0.521490876948644,0.515243330327843,0.484252095944065,..
Military expenditure (% of GDP),MS.MIL.XPND.GD.ZS,Isle of Man,IMY,..,..,..,..,..,..,..,..,..,..,..,..
Military expenditure (% of GDP),MS.MIL.XPND.GD.ZS,Israel,ISR,14.8059024797498,7.14680401826834,7.50860687951118,6.76583720585157,6.60542091490466,6.79520561083076,6.28780133201314,5.99089329363512,5.7377167736735,5.83955687587555,5.22920374170372,..
Military expenditure (% of GDP),MS.MIL.XPND.GD.ZS,Italy,ITA,1.98470077319411,1.9620832697457,1.71902958194874,1.63167857217599,1.72425893180947,1.75203575421323,1.69434482676156,1.67366615751109,1.62550262170652,1.58599562015187,1.44135796511142,..
Military expenditure (% of GDP),MS.MIL.XPND.GD.ZS,Jamaica,JAM,0.597898712029783,0.486829876974869,0.609050832025158,0.652663400925958,0.953477587321959,0.946871029672015,0.873499798037234,0.92586423567028,0.930296362977247,0.894259107348879,..,..
Military expenditure (% of GDP),MS.MIL.XPND.GD.ZS,Japan,JPN,0.804631222987667,0.971756972109991,0.968142082390115,0.951844279801441,0.964173055847128,1.02209282616775,0.978939177552176,1.02363979395337,1.00780783350564,0.990501450654825,0.995290634394856,..
Military expenditure (% of GDP),MS.MIL.XPND.GD.ZS,Jordan,JOR,7.75083008130476,6.25847554008326,4.65932402538281,6.0339173915329,6.1038599539299,5.89379369568438,5.17428310515445,4.80353488596513,4.02905158342843,3.55950530674446,3.53852989465909,..
Military expenditure (% of GDP),MS.MIL.XPND.GD.ZS,Kazakhstan,KAZ,..,0.784645080413813,0.978995775804243,1.29687679039835,1.15466850415593,1.10303327673722,1.0144155785994,0.959310404883757,1.06995900498522,1.10020785083307,1.09299636660358,..
Military expenditure (% of GDP),MS.MIL.XPND.GD.ZS,Kenya,KEN,2.87501716228704,1.30326707000114,1.45517741016444,1.54791249583401,1.61585029427424,1.56144803484178,1.55513786793997,1.54141878592068,1.66647462152831,1.56662687777398,1.34409123962796,..
Military expenditure (% of GDP),MS.MIL.XPND.GD.ZS,Kiribati,KIR,..,..,..,..,..,..,..,..,..,..,..,..
Military expenditure (% of GDP),MS.MIL.XPND.GD.ZS,"Korea, Dem. Rep.",PRK,..,..,..,..,..,..,..,..,..,..,..,..
Military expenditure (% of GDP),MS.MIL.XPND.GD.ZS,"Korea, Rep.",KOR,3.55066520392756,2.45731751955534,2.48836866984537,2.46963878142104,2.60147600942768,2.70624198255842,2.51922851985445,2.56843160516283,2.58919228380771,2.5995396536307,2.60087348947328,..
Military expenditure (% of GDP),MS.MIL.XPND.GD.ZS,Kosovo,KSV,..,..,..,..,..,..,..,..,..,..,..,..
Military expenditure (% of GDP),MS.MIL.XPND.GD.ZS,Kuwait,KWT,48.7074163400663,7.15067415730337,3.5425856803529,3.59028268008962,3.00605754669359,3.97417809567557,3.7561481418781,3.50149610448267,3.41380463985977,3.3121016553489,..,..
Military expenditure (% of GDP),MS.MIL.XPND.GD.ZS,Kyrgyz Republic,KGZ,..,2.87890115479955,3.16871426299274,3.05783673731146,2.90491239250202,3.17607985969788,3.8458169990103,3.39873093065435,3.20738180952636,3.19621902712902,3.40442477051912,..
Military expenditure (% of GDP),MS.MIL.XPND.GD.ZS,Lao PDR,LAO,..,0.793349479198992,0.388386030175554,0.35138515588033,0.298826873159844,0.239564768804412,0.213834557535698,0.22949813709136,0.217189458515046,..,..,..
Military expenditure (% of GDP),MS.MIL.XPND.GD.ZS,Latvia,LVA,..,0.708978437195544,1.70129583869882,1.55589738149543,1.63093364804616,1.39083019329191,1.08797619774522,1.04817547160469,0.895710491965612,0.918117343649259,0.938083184744614,..
Military expenditure (% of GDP),MS.MIL.XPND.GD.ZS,Lebanon,LBN,7.5519515490598,5.38816295157571,4.6290096780084,4.68825910931174,4.05651043464255,4.05867139863704,4.17102966841187,4.05832602327083,4.06714508002419,4.02923843242141,4.63885673504556,..
Military expenditure (% of GDP),MS.MIL.XPND.GD.ZS,Lesotho,LSO,5.06919801277502,3.96177267701492,2.46525290497537,2.49358877136043,1.67726830885895,2.76952473045608,3.23034960678342,2.30524546755858,2.2331972978466,2.23222161053442,2.28413346967127,..
Military expenditure (% of GDP),MS.MIL.XPND.GD.ZS,Liberia,LBR,3.68106139438085,..,0.649803313688032,0.471701201939321,0.459625181310369,0.622691118772699,0.654290949673451,0.858742073249644,0.842120426390089,0.784947341381968,0.77084361124815,..
Military expenditure (% of GDP),MS.MIL.XPND.GD.ZS,Libya,LBY,..,2.83644526068769,1.11775949472285,0.946671984609248,1.26236811254396,..,..,..,3.64728082059222,..,7.99822629969419,..
Military expenditure (% of GDP),MS.MIL.XPND.GD.ZS,Liechtenstein,LIE,..,..,..,..,..,..,..,..,..,..,..,..
Military expenditure (% of GDP),MS.MIL.XPND.GD.ZS,Lithuania,LTU,..,..,4.01882122329646,3.84116085356069,3.90288809437153,3.73346005910569,3.03735897976165,2.7362364108259,2.64993696343879,2.64049251049903,2.70043983706474,..
Military expenditure (% of GDP),MS.MIL.XPND.GD.ZS,Luxembourg,LUX,0.726142019236871,0.601756745652465,0.591524090344045,0.581311260193808,0.530348457592111,0.551339700060121,0.634988367013116,0.521098598456982,0.48845065278919,0.485778824901023,..,..
Military expenditure (% of GDP),MS.MIL.XPND.GD.ZS,"Macao SAR, China",MAC,..,..,..,..,..,..,..,..,..,..,..,..
Military expenditure (% of GDP),MS.MIL.XPND.GD.ZS,"Macedonia, FYR",MKD,..,1.85082406312589,1.83653685342253,1.95007093263679,1.74234134348864,1.68816415916184,1.38215304965058,1.26218800222325,1.22531888588674,1.1748962585,1.17753778218974,..
Military expenditure (% of GDP),MS.MIL.XPND.GD.ZS,Madagascar,MDG,1.23148890493264,1.21751014267847,0.977431205132008,1.11586460555189,1.09711522579698,0.830202948535888,0.652042505723996,0.727707064436954,0.691911752985672,0.69764685063772,0.674804211526017,..
Military expenditure (% of GDP),MS.MIL.XPND.GD.ZS,Malawi,MWI,1.29266065100647,0.672638801472976,0.997521734945943,0.921086084382258,1.0396713363267,1.16878580108206,0.925872910665485,0.938266657433192,1.16811996607127,1.76637874905279,1.21012053517745,..
Military expenditure (% of GDP),MS.MIL.XPND.GD.ZS,Malaysia,MYS,2.55542492442056,1.63468013468013,2.00760076543864,2.05143543366615,1.91142033713834,1.96028095396412,1.55707758548249,1.66139562202092,1.54020914061256,1.54621361604406,1.50466445982546,..
Military expenditure (% of GDP),MS.MIL.XPND.GD.ZS,Maldives,MDV,..,..,..,..,..,..,..,..,..,..,..,..
Military expenditure (% of GDP),MS.MIL.XPND.GD.ZS,Mali,MLI,2.1541261600005,1.80315994588459,1.56802971759848,1.54472856287687,1.63566472138203,1.61118663790303,1.55786849607836,1.51267381816387,1.43959679166913,1.38443602448266,1.41019794632986,..
Military expenditure (% of GDP),MS.MIL.XPND.GD.ZS,Malta,MLT,0.830370078496562,0.640678385739044,0.69536084505932,0.655643342926802,0.655022432275078,0.729808071625817,0.71942177588137,0.600830855213019,0.56202626858763,0.557816759838075,..,..
Military expenditure (% of GDP),MS.MIL.XPND.GD.ZS,Marshall Islands,MHL,..,..,..,..,..,..,..,..,..,..,..,..
Military expenditure (% of GDP),MS.MIL.XPND.GD.ZS,Mauritania,MRT,3.94091668206542,2.92800544546355,2.69364721669718,..,3.05933385335901,3.13532406618269,..,..,2.93694650840321,2.85137658440918,2.8592711715019,..
Military expenditure (% of GDP),MS.MIL.XPND.GD.ZS,Mauritius,MUS,0.346095334685598,0.204255974617288,0.160651037274414,0.149284010524676,0.161601948118229,0.173363933218584,0.153056790453588,0.155629374851011,0.145622173426207,0.194506946871723,0.260551076138584,..
Military expenditure (% of GDP),MS.MIL.XPND.GD.ZS,Mexico,MEX,0.505212146362122,0.486084985792046,0.422238721115056,0.458070629659143,0.448540526800638,0.542546694296955,0.56103491769839,0.552549300313727,0.588102724186368,0.620924604635243,0.675391504851308,..
Military expenditure (% of GDP),MS.MIL.XPND.GD.ZS,"Micronesia, Fed. Sts.",FSM,..,..,..,..,..,..,..,..,..,..,..,..
Military expenditure (% of GDP),MS.MIL.XPND.GD.ZS,Moldova,MDA,..,0.395144800281458,0.482634465593045,0.516193551320111,0.608535597782922,0.457886649076119,0.315501849511349,0.327388277141414,0.327674671710159,0.335190528305641,0.346991152631426,..
Military expenditure (% of GDP),MS.MIL.XPND.GD.ZS,Monaco,MCO,..,..,..,..,..,..,..,..,..,..,..,..
Military expenditure (% of GDP),MS.MIL.XPND.GD.ZS,Mongolia,MNG,4.62358103020618,2.13436890069402,1.14789142408192,1.33558023357178,1.18703648459255,0.821010167197022,0.76299723476197,0.837270239823605,0.931777868485854,..,..,..
Military expenditure (% of GDP),MS.MIL.XPND.GD.ZS,Montenegro,MNE,..,..,2.31270573541716,1.74969510909853,1.88292729405199,1.85174810724171,1.82676059287563,1.76558258040976,1.67362315913362,1.50282064406685,1.71377770160988,..
Military expenditure (% of GDP),MS.MIL.XPND.GD.ZS,Morocco,MAR,3.70923501497661,2.32065097195848,3.25196070280457,3.2016019368637,3.31344007270162,3.36064353968672,3.48218854994104,3.36927039011621,3.54804911679438,3.9153703463945,3.78359028633176,..
Military expenditure (% of GDP),MS.MIL.XPND.GD.ZS,Mozambique,MOZ,3.36764835615701,1.28445731982972,0.809467271779052,0.75284018543991,0.757533665018173,0.786516587276025,0.980218130179719,0.900734862842113,0.931411997649463,1.02147961102455,1.06039657230309,..
Military expenditure (% of GDP),MS.MIL.XPND.GD.ZS,Myanmar,MMR,3.39588157013164,2.30536252714248,..,..,..,..,..,..,3.97536101648868,4.03563079845131,3.68862814459201,..
Military expenditure (% of GDP),MS.MIL.XPND.GD.ZS,Namibia,NAM,7.07023367535761,2.36393444397349,2.50115680758125,2.61046595302612,3.14641979490704,3.37472347461997,3.51753239486008,3.57413081648685,3.1655623754236,3.06452958791874,4.0793640265359,..
Military expenditure (% of GDP),MS.MIL.XPND.GD.ZS,Nepal,NPL,1.07715440550785,0.962150318323636,1.74911020602858,1.54739381748685,1.59997204710798,1.64544781193841,1.56366587467534,1.54065169713099,1.43183199069758,1.53105823259837,1.54496175040199,..
Military expenditure (% of GDP),MS.MIL.XPND.GD.ZS,Netherlands,NLD,2.37061075150592,1.4445699920437,1.4203653713353,1.37795307928487,1.32873226233654,1.41390755282118,1.34154220347357,1.30325432512766,1.2591704597249,1.21155602153532,1.15994659546061,..
Military expenditure (% of GDP),MS.MIL.XPND.GD.ZS,New Caledonia,NCL,..,..,..,..,..,..,..,..,..,..,..,..
Military expenditure (% of GDP),MS.MIL.XPND.GD.ZS,New Zealand,NZL,2.32906861689644,1.57671929261056,1.31366396737574,1.25312044291752,1.25916336359374,1.34725571024863,1.32894344643979,1.25202211319269,1.20091493857836,1.14677561183712,..,..
Military expenditure (% of GDP),MS.MIL.XPND.GD.ZS,Nicaragua,NIC,102.898017199947,0.60328329511904,0.549418309173012,0.529250425667389,0.502388126947106,0.497829706525223,0.506473594968325,0.527420219278618,0.670465528791715,0.784312254575802,0.702143750397097,..
Military expenditure (% of GDP),MS.MIL.XPND.GD.ZS,Niger,NER,..,1.11683848797251,..,..,0.992538233756465,0.982009788706612,1.16969126705425,1.30980368816276,1.00539299218175,..,..,..
Military expenditure (% of GDP),MS.MIL.XPND.GD.ZS,Nigeria,NGA,0.791688105999685,0.794728910436473,0.533693941973837,0.58354671190545,0.776456931342861,0.887702077285348,0.539231125625786,0.579227051399208,0.502541110746708,0.469695304619353,0.414718777203387,..
Military expenditure (% of GDP),MS.MIL.XPND.GD.ZS,Northern Mariana Islands,MNP,..,..,..,..,..,..,..,..,..,..,..,..
Military expenditure (% of GDP),MS.MIL.XPND.GD.ZS,Norway,NOR,2.83399567919345,1.7058318732318,1.45090172400095,1.4655760489663,1.37914622818936,1.603491462725,1.51651159477531,1.45180487060584,1.4015880167597,1.40924745527651,1.35482247564083,..
Military expenditure (% of GDP),MS.MIL.XPND.GD.ZS,Oman,OMN,16.521623005186,10.7804708956617,10.8291694328942,10.2794497521907,7.58003424701406,9.27907639221082,8.34767336656673,9.81433274634408,16.1566161215264,14.9501683232872,11.7644066287662,..
Military expenditure (% of GDP),MS.MIL.XPND.GD.ZS,Pakistan,PAK,7.12664260773235,4.16872380336064,3.64525520437771,3.51198610011098,3.45937100362745,3.26522399322955,3.42369097294437,3.28565081602325,3.48439877285312,3.45501062582515,3.3973843290038,..
Military expenditure (% of GDP),MS.MIL.XPND.GD.ZS,Palau,PLW,..,..,..,..,..,..,..,..,..,..,..,..
Military expenditure (% of GDP),MS.MIL.XPND.GD.ZS,Panama,PAN,1.37581871565158,..,..,..,..,..,..,..,..,..,..,..
Military expenditure (% of GDP),MS.MIL.XPND.GD.ZS,Papua New Guinea,PNG,2.13250113776738,0.960373056143306,0.566372728886785,0.619614934581428,0.491643905374751,0.642156643231382,0.476893380265698,0.498656706637835,0.718740255690677,0.539095244977598,..,..
Military expenditure (% of GDP),MS.MIL.XPND.GD.ZS,Paraguay,PRY,1.61337326349491,1.42016712266818,1.05239465778224,1.00437495540232,0.961543770376061,1.11442309172585,1.07853590255699,1.20338528820992,1.37826780405001,1.36472432360807,1.4584852314589,..
Military expenditure (% of GDP),MS.MIL.XPND.GD.ZS,Peru,PER,0.0845173783363132,1.78896909470822,1.38565068979005,1.19639779787608,1.13871356253967,1.42148230117145,1.31684160840044,1.18728162621799,1.23414570980255,1.46207462909214,1.37832810206487,..
Military expenditure (% of GDP),MS.MIL.XPND.GD.ZS,Philippines,PHL,2.14725264728189,1.60822668371303,1.31516390491855,1.34866905996955,1.30365576420414,1.25689259979331,1.22159432048681,1.2052534093783,1.15836196547628,1.24125064272121,1.15664297380708,..
Military expenditure (% of GDP),MS.MIL.XPND.GD.ZS,Poland,POL,2.38090000730244,1.83033658531361,1.92836335404601,2.00327282471037,1.76345510372482,1.81084554099203,1.84400952581718,1.80325209741102,1.81113365109345,1.76323978545455,1.91615939036833,..
Military expenditure (% of GDP),MS.MIL.XPND.GD.ZS,Portugal,PRT,2.38179028169542,1.862356119854,1.94997013510482,1.81805540278923,1.83655853383917,2.03079883407182,1.98021672896874,2.0026497644843,1.91213672371406,2.12639223494922,1.82958930169904,..
Military expenditure (% of GDP),MS.MIL.XPND.GD.ZS,Puerto Rico,PRI,..,..,..,..,..,..,..,..,..,..,..,..
Military expenditure (% of GDP),MS.MIL.XPND.GD.ZS,Qatar,QAT,10.7438789702874,..,1.75049974956117,1.95983484518459,2.01049613544877,1.99221317692269,1.49993897696079,..,..,..,..,..
Military expenditure (% of GDP),MS.MIL.XPND.GD.ZS,Romania,ROM,4.58095349108288,2.5078842150236,1.8350178412572,1.52838847826526,1.46835049543423,1.35395460823875,1.26596998663149,1.30324960068862,1.37603544786599,1.32950404056409,1.27730684015439,..
Military expenditure (% of GDP),MS.MIL.XPND.GD.ZS,Russian Federation,RUS,..,3.55319208552343,3.48688923830037,3.34960400297041,3.38284046263824,4.21480869814806,3.85071504128686,3.6874079874661,4.02156791217724,4.22461846641793,4.54727452498023,..
Military expenditure (% of GDP),MS.MIL.XPND.GD.ZS,Rwanda,RWA,3.73042396429976,3.53498605106115,1.75407925407925,1.47215496368039,1.41059855127716,1.41794272456082,1.30760358110141,1.17663806552262,1.10523111612176,1.09652551398026,1.08943219521247,..
Military expenditure (% of GDP),MS.MIL.XPND.GD.ZS,Samoa,WSM,..,..,..,..,..,..,..,..,..,..,..,..
Military expenditure (% of GDP),MS.MIL.XPND.GD.ZS,San Marino,SMR,..,..,..,..,..,..,..,..,..,..,..,..
Military expenditure (% of GDP),MS.MIL.XPND.GD.ZS,Sao Tome and Principe,STP,..,..,..,..,..,..,..,..,..,..,..,..
Military expenditure (% of GDP),MS.MIL.XPND.GD.ZS,Saudi Arabia,SAU,14.0242926458954,10.5943902062811,7.8483674355699,8.52705271335434,7.35343759971845,9.61719999229391,8.58837291823058,7.24876028120208,7.69772127946681,9.00400142014768,10.8224534310643,..
Military expenditure (% of GDP),MS.MIL.XPND.GD.ZS,Senegal,SEN,2.01099815611168,1.33262592990833,1.5873459289017,1.70859404417231,1.62008483439714,1.67661125477803,1.51350456815598,1.594040937236,1.40015599590612,1.60047818591268,1.53986065729026,..
Military expenditure (% of GDP),MS.MIL.XPND.GD.ZS,Serbia,SRB,..,5.15394294063283,2.30352490107888,2.41146993952101,2.25668338073495,2.28616844307703,2.21067339956029,2.12401049524188,2.09517465340869,2.0206875269999,2.16587090493476,..
Military expenditure (% of GDP),MS.MIL.XPND.GD.ZS,Seychelles,SYC,4.02623150831173,1.67933282099451,1.41343003078414,1.46828358039262,1.1501931911318,1.02087833270493,0.737915360913322,0.817465752347632,0.874957129513219,0.934486479461715,1.07706302213839,..
Military expenditure (% of GDP),MS.MIL.XPND.GD.ZS,Sierra Leone,SLE,1.3914581342874,3.66598211547366,1.48651449088264,1.34709099901903,0.943767272401665,1.07606529647733,0.972150455137938,0.868869319603902,0.726922401327867,0.614394970098376,0.779666371564882,..
Military expenditure (% of GDP),MS.MIL.XPND.GD.ZS,Singapore,SGP,4.63214447298365,4.51888629365982,3.94502523048098,3.62178147228127,3.87778862006233,3.91761178883577,3.42984932114948,3.24011450728807,3.1633927400937,3.17616088617592,3.1962569577053,..
Military expenditure (% of GDP),MS.MIL.XPND.GD.ZS,Sint Maarten (Dutch part),SXM,..,..,..,..,..,..,..,..,..,..,..,..
Military expenditure (% of GDP),MS.MIL.XPND.GD.ZS,Slovak Republic,SVK,..,1.65558407524979,1.5998318965594,1.47738735040777,1.45901223228578,1.5151044923972,1.26977560859473,1.08744608736057,1.09456713126189,0.98596065940875,0.990096377180585,..
Military expenditure (% of GDP),MS.MIL.XPND.GD.ZS,Slovenia,SVN,..,1.09316474447148,1.53802518744811,1.43966591375887,1.49191593414701,1.59004816652012,1.60951252912788,1.29883585943518,1.17480419930012,1.05494687915007,0.992042183942609,..
Military expenditure (% of GDP),MS.MIL.XPND.GD.ZS,Solomon Islands,SLB,..,..,..,..,..,..,..,..,..,..,..,..
Military expenditure (% of GDP),MS.MIL.XPND.GD.ZS,Somalia,SOM,..,..,..,..,..,..,..,..,..,..,..,..
Military expenditure (% of GDP),MS.MIL.XPND.GD.ZS,South Africa,ZAF,3.89635166370957,1.38728978055287,1.29074629235827,1.17751782554154,1.14584327244181,1.21400210231591,1.11580811250222,1.10278667013409,1.1297752923613,1.12947141032005,1.11387842885214,..
Military expenditure (% of GDP),MS.MIL.XPND.GD.ZS,South Sudan,SSD,..,..,..,..,5.76129581825709,4.96847015986446,4.14063583261781,5.90525220271902,9.53060286768635,8.31875582782783,8.28667575370422,..
Military expenditure (% of GDP),MS.MIL.XPND.GD.ZS,Spain,ESP,1.69193082430606,1.17579883945841,1.14150761825206,1.13055337354403,1.14283461759333,1.13028875827824,1.02983311330329,0.935592993330215,1.02619702452145,0.904991607739751,0.9066207890831,..
Military expenditure (% of GDP),MS.MIL.XPND.GD.ZS,Sri Lanka,LKA,2.32848743256346,5.03389009428499,2.79877366708863,3.26060824525636,3.71216956924122,3.61866399823134,3.09089544019883,2.96027405383175,2.46089161599957,2.72992534207647,2.45997004294063,..
Military expenditure (% of GDP),MS.MIL.XPND.GD.ZS,St. Kitts and Nevis,KNA,..,..,..,..,..,..,..,..,..,..,..,..
Military expenditure (% of GDP),MS.MIL.XPND.GD.ZS,St. Lucia,LCA,..,..,..,..,..,..,..,..,..,..,..,..
Military expenditure (% of GDP),MS.MIL.XPND.GD.ZS,St. Martin (French part),MAF,..,..,..,..,..,..,..,..,..,..,..,..
Military expenditure (% of GDP),MS.MIL.XPND.GD.ZS,St. Vincent and the Grenadines,VCT,..,..,..,..,..,..,..,..,..,..,..,..
Military expenditure (% of GDP),MS.MIL.XPND.GD.ZS,Sudan,SDN,2.57620445815484,4.79117550507398,4.29113043021682,..,..,..,..,..,..,..,..,..
Military expenditure (% of GDP),MS.MIL.XPND.GD.ZS,Suriname,SUR,..,..,..,..,..,..,..,..,..,..,..,..
Military expenditure (% of GDP),MS.MIL.XPND.GD.ZS,Swaziland,SWZ,1.30197890738693,1.60519674470921,1.98514677887987,2.02623249501518,2.20737964484708,2.41396780125342,2.89225927652477,2.8010419116184,2.455906239929,2.45894857779255,2.37137018792389,..
Military expenditure (% of GDP),MS.MIL.XPND.GD.ZS,Sweden,SWE,2.38984750683851,1.84350421239158,1.32781298714038,1.30913879758681,1.17221666436907,1.17837597525201,1.20520091795611,1.1231815985278,1.14798632218845,1.12656476157982,1.15206666966391,..
Military expenditure (% of GDP),MS.MIL.XPND.GD.ZS,Switzerland,CHE,1.57574642423009,1.03077975033289,0.775655637143313,0.738290951547279,0.743077485790045,0.751711024090013,0.708080581945892,0.714349481049442,0.689409826123349,0.737253030465675,..,..
Military expenditure (% of GDP),MS.MIL.XPND.GD.ZS,Syrian Arab Republic,SYR,6.39553047017084,5.33991624765218,4.39443417058901,4.10055163329246,..,..,..,..,..,..,..,..
Military expenditure (% of GDP),MS.MIL.XPND.GD.ZS,Tajikistan,TJK,..,1.20307109350503,..,..,1.01654735789176,0.954504690113193,0.952762566225903,1.09374116676809,0.999084702362353,..,1.12838009700648,..
Military expenditure (% of GDP),MS.MIL.XPND.GD.ZS,Tanzania,TZA,2.04648408015958,1.3259264374527,0.792124002148099,0.773035719210077,0.70833185234352,0.76809407242668,0.908923772561748,0.916153033973031,0.926954969813554,0.920898915297888,0.962466550565663,..
Military expenditure (% of GDP),MS.MIL.XPND.GD.ZS,Thailand,THA,2.59425617320827,1.53269955234198,1.17916405723486,1.42630136288933,1.63842917312834,1.82004169417393,1.55606670321028,1.59485875606515,1.50066384776414,1.52388998471263,1.53282913667761,..
Military expenditure (% of GDP),MS.MIL.XPND.GD.ZS,Timor-Leste,TMP,..,..,3.69438444924406,4.24597495527728,3.40792507204611,4.45977995110024,2.82537473233405,1.82813891362422,2.62897637795276,2.15824250681199,1.90876288659794,..
Military expenditure (% of GDP),MS.MIL.XPND.GD.ZS,Togo,TGO,3.11640454289656,..,..,..,1.80213878645807,..,1.79116976468784,1.57131250211585,..,..,..,..
Military expenditure (% of GDP),MS.MIL.XPND.GD.ZS,Tonga,TON,..,..,..,..,..,..,..,..,..,..,..,..
Military expenditure (% of GDP),MS.MIL.XPND.GD.ZS,Trinidad and Tobago,TTO,..,0.0373754947809852,0.629101948236755,0.576420377793842,0.499095768653694,0.722413238677122,0.695208768426348,0.620514027053358,0.726643540685877,0.891082976533814,..,..
Military expenditure (% of GDP),MS.MIL.XPND.GD.ZS,Tunisia,TUN,2.01281470454987,1.54790662277081,1.44631395371708,1.26101153704209,1.29062492083998,1.2996530168447,1.28570844485261,1.55650985629838,1.50584079413288,1.61583748632949,..,..
Military expenditure (% of GDP),MS.MIL.XPND.GD.ZS,Turkey,TUR,3.52770389879209,3.74915647249538,2.47194459187108,2.33212799342637,2.3159607330076,2.62797486234765,2.42755877484283,2.21096616545878,2.25769580009331,2.23883372331552,2.19484450824049,..
Military expenditure (% of GDP),MS.MIL.XPND.GD.ZS,Turkmenistan,TKM,..,..,..,..,..,..,..,..,..,..,..,..
Military expenditure (% of GDP),MS.MIL.XPND.GD.ZS,Turks and Caicos Islands,TCA,..,..,..,..,..,..,..,..,..,..,..,..
Military expenditure (% of GDP),MS.MIL.XPND.GD.ZS,Tuvalu,TUV,..,..,..,..,..,..,..,..,..,..,..,..
Military expenditure (% of GDP),MS.MIL.XPND.GD.ZS,Uganda,UGA,3.33565328508803,2.48144090626213,2.19795212853987,2.05094608734672,2.19014656833266,1.72735920817722,3.23703120958473,3.25344911005169,1.48299934545494,1.24482471119365,1.22254152988906,..
Military expenditure (% of GDP),MS.MIL.XPND.GD.ZS,Ukraine,UKR,..,3.63614982066208,2.77159181333191,2.87000281658483,2.67291162125444,2.94510836540409,2.73386731007446,2.2583233268538,2.35343700188443,2.39291890925322,3.06006607400902,..
Military expenditure (% of GDP),MS.MIL.XPND.GD.ZS,United Arab Emirates,ARE,..,5.63157166754963,3.226126784392,3.28052136989454,3.66802298458815,5.45710723540894,6.11946782176773,5.52065988010125,5.10969244282441,5.85600545767111,5.6654462979385,..
Military expenditure (% of GDP),MS.MIL.XPND.GD.ZS,United Kingdom,GBR,3.56232123221255,2.27657321067071,2.22559459609639,2.22680484767947,2.35038767346536,2.50829204179891,2.41214349654927,2.32538695920137,2.23697341523175,2.12314125905802,2.0544547117773,..
Military expenditure (% of GDP),MS.MIL.XPND.GD.ZS,United States,USA,5.12025928242452,2.93343201638071,3.80820052817979,3.84704407867721,4.22004646915036,4.63679244072592,4.66561510232437,4.58397597720211,4.23667206618905,3.81501632896795,3.50142763648889,..
Military expenditure (% of GDP),MS.MIL.XPND.GD.ZS,Uruguay,URY,3.5310971495862,2.46349599073539,2.06282406362977,1.8392283966386,1.95268132671385,2.05479611457906,1.95612183039502,1.7556962388897,1.76124457083845,1.85749931557198,1.59164379498523,..
Military expenditure (% of GDP),MS.MIL.XPND.GD.ZS,Uzbekistan,UZB,..,1.15178099544565,..,..,..,..,..,..,..,..,..,..
Military expenditure (% of GDP),MS.MIL.XPND.GD.ZS,Vanuatu,VUT,..,..,..,..,..,..,..,..,..,..,..,..
Military expenditure (% of GDP),MS.MIL.XPND.GD.ZS,"Venezuela, RB",VEN,..,1.52657012884905,1.63375762934706,1.2893051242236,1.37043789860736,1.2203388985043,0.853924397949469,0.753524677610168,1.30233184721529,1.43090973756456,1.09350312582573,..
Military expenditure (% of GDP),MS.MIL.XPND.GD.ZS,Vietnam,VNM,7.91085725497822,..,1.93836458436365,2.30475733676407,2.15637292727254,2.26520992201854,2.30504933664778,1.98209923374418,2.15688636813921,2.17684979502056,2.2855076468007,..
Military expenditure (% of GDP),MS.MIL.XPND.GD.ZS,Virgin Islands (U.S.),VIR,..,..,..,..,..,..,..,..,..,..,..,..
Military expenditure (% of GDP),MS.MIL.XPND.GD.ZS,West Bank and Gaza,WBG,..,..,..,..,..,..,..,..,..,..,..,..
Military expenditure (% of GDP),MS.MIL.XPND.GD.ZS,"Yemen, Rep.",YEM,6.55118344395031,4.91539223676021,4.30846683494059,4.09811555313285,3.93592381895936,4.991793573957,4.68492285187129,5.18723305631891,5.04653428753822,4.5854380054109,..,..
Military expenditure (% of GDP),MS.MIL.XPND.GD.ZS,Zambia,ZMB,3.70566437268396,..,1.61429847952033,1.65295207295857,1.55316759796901,1.44153046236808,1.38249018575978,1.30295923541624,1.38895238691549,1.42203291412508,1.63751230235911,..
Military expenditure (% of GDP),MS.MIL.XPND.GD.ZS,Zimbabwe,ZWE,4.73939762426964,5.17641546786485,2.97029893937183,..,..,..,1.03938874966387,1.8111892629141,2.5518069830085,2.64413635449427,2.69407548172811,..
,,,,,,,,,,,,,,,
,,,,,,,,,,,,,,,
,,,,,,,,,,,,,,,
Data from database: World Development Indicators,,,,,,,,,,,,,,,
Last Updated: 11/12/2015,,,,,,,,,,,,,,,
